,H0_winter_saturday,H0_winter_sunday,H0_winter_workday,H0_summer_saturday,H0_summer_sunday,H0_summer_workday,H0_interseason _saturday,H0_interseason _sunday,H0_interseason _workday,G0_winter_saturday,G0_winter_sunday,G0_winter_workday,G0_summer_saturday,G0_summer_sunday,G0_summer_workday,G0_interseason _saturday,G0_interseason _sunday,G0_interseason _workday,G1_winter_saturday,G1_winter_sunday,G1_winter_workday,G1_summer_saturday,G1_summer_sunday,G1_summer_workday,G1_interseason _saturday,G1_interseason _sunday,G1_interseason _workday,G2_winter_saturday,G2_winter_sunday,G2_winter_workday,G2_summer_saturday,G2_summer_sunday,G2_summer_workday,G2_interseason _saturday,G2_interseason _sunday,G2_interseason _workday,G3_winter_saturday,G3_winter_sunday,G3_winter_workday,G3_summer_saturday,G3_summer_sunday,G3_summer_workday,G3_interseason _saturday,G3_interseason _sunday,G3_interseason _workday,G4_winter_saturday,G4_winter_sunday,G4_winter_workday,G4_summer_saturday,G4_summer_sunday,G4_summer_workday,G4_interseason _saturday,G4_interseason _sunday,G4_interseason _workday,G5_winter_saturday,G5_winter_sunday,G5_winter_workday,G5_summer_saturday,G5_summer_sunday,G5_summer_workday,G5_interseason _saturday,G5_interseason _sunday,G5_interseason _workday,G6_winter_saturday,G6_winter_sunday,G6_winter_workday,G6_summer_saturday,G6_summer_sunday,G6_summer_workday,G6_interseason _saturday,G6_interseason _sunday,G6_interseason _workday,L0_winter_saturday,L0_winter_sunday,L0_winter_workday,L0_summer_saturday,L0_summer_sunday,L0_summer_workday,L0_interseason _saturday,L0_interseason _sunday,L0_interseason _workday,L1_winter_saturday,L1_winter_sunday,L1_winter_workday,L1_summer_saturday,L1_summer_sunday,L1_summer_workday,L1_interseason _saturday,L1_interseason _sunday,L1_interseason _workday,L2_winter_saturday,L2_winter_sunday,L2_winter_workday,L2_summer_saturday,L2_summer_sunday,L2_summer_workday,L2_interseason _saturday,L2_interseason _sunday,L2_interseason _workday
0:15,70.8,87.5,67.6,89.8,100.1,86.3,80.2,93.4,77.8,70,63.2,65.5,74.6,68.8,71.5,75.8,68.3,73,25.8,25.7,26.4,23.6,22.4,23.6,20.7,22.4,20.2,80.6,73.7,77.4,63.1,50.6,60.8,73.1,64.2,70.5,95.3,87.8,94.7,99,94.6,98.5,92.5,87.6,91.2,62.2,57.7,62.1,75.3,68.7,74.5,67.2,63.1,67.2,66.6,38.9,50.1,91.8,48.8,67.4,75.6,42.5,56,67.5,100.3,62.1,60,85.6,56.8,64.7,98.7,61,73.9,68.3,72.4,67.2,62.6,66.1,71.4,64.8,70.3,67.9,63.5,66.7,58.2,53.8,57.7,64.9,60.4,64.4,67.9,63.5,66.7,58.2,53.8,57.7,64.9,60.4,64.4
0:30,68.2,81.1,60.8,84.9,92.5,76.9,75.1,86.8,69.6,73,61,62.6,76.2,67.4,69,76.7,66.5,70.1,25.2,25,26.4,22.5,21.8,22.5,20.8,21.9,19.7,74.6,68.7,67.4,58,47.4,53,67.6,60.7,61.9,95.5,88.3,94.1,100,95.3,99,93,87.3,90.2,61.2,56.4,60.8,75.5,68.3,73.6,65.9,62.2,66.1,87.3,38.4,47.4,118.3,47.8,61.2,97.6,42,51.3,67.8,91.1,55.6,59.4,79,52,63.4,91.2,54.9,73,66,69.4,65.6,60.6,63.1,69.4,62.7,67.1,67.6,62.2,64.8,57.3,53.3,56.2,63.8,59.6,62.6,67.6,62.2,64.8,57.3,53.3,56.2,63.8,59.6,62.6
0:45,65.9,75,54.9,80.7,85.9,68.8,70.7,81.2,62.4,75.9,58.9,59.6,77.7,65.7,66.3,77.7,64.6,67.1,24.7,24.6,26.4,21.5,21.3,21.5,20.9,21.4,19.2,69.2,63.6,58.4,53.5,44.3,46,62.8,56.9,54.4,96.2,89,94.1,100.9,96,99.4,93.7,87.4,89.4,60.1,55,59.5,75.7,68,72.8,64.8,61.3,64.9,111.7,38.1,44.9,145.6,46.6,54.6,121.4,41.6,46.6,68.5,83.4,50.1,59.4,73.6,48,63,84.5,49.9,72.6,64.3,66.9,64.3,58.9,60.5,68,61.3,64.3,67.8,61.4,63.2,56.7,53,54.9,62.9,59.1,61,67.8,61.4,63.2,56.7,53,54.9,62.9,59.1,61
1:00,63.3,69.1,49.9,76.6,79.9,62.4,66.6,75.7,56.6,77.6,57,57,78.5,63.5,63.5,78.5,62.6,64.5,24.6,24.6,26.5,20.8,20.8,20.8,20.8,20.8,18.9,63.6,58.7,50.9,48.9,41.1,40.1,57.7,52.8,47.9,97.4,90.1,95,101,96.2,99.2,94.3,87.7,88.9,59.4,54,58.5,75.6,67.5,72,63.9,60.3,63.9,137,38.3,43.3,168.3,45.3,49.4,143.1,41.3,43.3,68.1,77.4,46.2,58.9,69.3,45,62.4,78.5,46.2,72.3,63,64.8,63,57.4,58.4,66.7,60.2,62.1,67.8,60.8,61.9,56.1,52.6,53.7,61.9,58.4,59.6,67.8,60.8,61.9,56.1,52.6,53.7,61.9,58.4,59.6
1:15,59.5,63.4,46.2,71.7,74.1,58,62.3,70.1,52.5,77.1,55.3,54.8,77.9,60.9,60.9,78.5,60.3,62.3,25,25,26.5,20.5,20.6,20.5,20.5,20.2,18.8,57.1,54.4,44.9,43.6,37.9,35.4,51.6,48.3,42.5,98.9,91.3,96.6,99.8,95.3,98.1,94.5,88,88.7,59.1,53.6,58,74.8,66.6,71,63.2,59.4,63,160.7,39.2,43,182.2,44.3,46.7,159.4,41.1,42.4,65.4,73.2,44,57.1,65.8,43,60.4,73.1,43.7,71.5,62.1,63.2,61.4,56.2,56.7,65.3,59.2,60.3,67.3,59.9,60.8,55.2,51.7,52.6,60.6,57.3,58.2,67.3,59.9,60.8,55.2,51.7,52.6,60.6,57.3,58.2
1:30,55,58.2,43.6,66.6,68.7,55.3,58,64.5,49.7,75,53.7,53.1,76.3,58,58.6,77.8,57.9,60.6,25.6,25.6,26.5,20.5,20.6,20.5,20,19.5,18.8,50.4,50.6,40.5,38.1,34.7,31.7,45,43.8,38.1,100.3,92.4,98.4,97.9,93.9,96.4,94.5,88.4,88.8,59.2,53.6,57.8,73.6,65.6,70,62.7,58.6,62.2,180.8,40.5,43.8,188.4,43.4,46,170.6,40.9,42.9,61,70.5,43,54.3,63,41.8,57.5,68.1,42.1,70.4,61.4,61.9,59.7,55.2,55.4,63.9,58.2,59.1,66.5,59,59.8,54.2,50.6,51.6,59.1,56.1,57,66.5,59,59.8,54.2,50.6,51.6,59.1,56.1,57
1:45,50.5,53.6,41.9,61.6,63.9,53.6,54.1,59.3,47.9,72.1,52.1,51.7,74.1,55.4,56.6,76.6,55.5,59.2,26.2,26.2,26.5,20.7,20.7,20.6,19.4,19.1,18.9,44.1,47.2,37.4,33.2,31.8,29.1,38.9,39.6,34.7,101,92.9,99.8,95.8,92.4,94.8,94.3,88.9,89.1,59.4,53.8,57.7,72.3,64.6,69.1,62.4,58,61.6,195.6,41.7,45,189.4,42.8,45.9,177.6,41,43.7,56.1,68.6,42.8,51.3,60.4,41,54.1,63.8,41.1,69.1,60.8,61,58,54.4,54.4,62.4,57.3,58.1,65.4,58.1,59,53.3,49.6,50.8,57.9,55.1,56.2,65.4,58.1,59,53.3,49.6,50.8,57.9,55.1,56.2
2:00,46.6,49.9,40.8,57.4,59.9,52.4,50.8,54.9,46.6,69.1,50.5,50.5,71.9,53.3,55.1,74.7,53.3,57.9,26.5,26.5,26.5,20.8,20.8,20.8,18.9,18.9,18.9,39.1,44,35.2,29.3,29.3,27.4,34.2,36.2,32.3,100.4,92.5,99.8,94.3,91.3,93.7,94.3,89.5,89.5,59.4,54,57.6,71.1,63.9,68.4,62.1,57.6,61.2,203.5,42.3,46.3,187.4,42.3,45.3,181.4,41.3,43.3,52,67,42.7,48.5,57.7,40.4,50.8,60,40.4,67.6,60.2,60.2,56.5,53.7,53.7,61.1,56.5,57.4,64.3,57.2,58.4,52.6,49.1,50.2,57.2,54.9,56.1,64.3,57.2,58.4,52.6,49.1,50.2,57.2,54.9,56.1
2:15,43.9,47.3,40.1,54.5,57,51.3,48.4,51.7,45.5,66.8,48.7,49.4,70.2,52,54.2,72.6,51.2,56.7,26.3,26.3,26.6,20.9,20.9,21,18.6,19.2,18.9,36,41,33.9,27.2,27.4,26.5,31.6,33.8,30.8,98.2,91,98,94,91.1,93.6,94.7,90.3,90,59.1,54,57.2,70.3,63.7,68,61.8,57.4,61.1,203.7,42,47.5,184.6,42,43.9,182.9,41.9,41.4,49.4,65.1,42.3,46.5,54.8,39.7,48.1,57,39.7,66.2,59.5,59.6,55.2,53.2,53.2,60,55.8,56.9,63.2,56.7,58,52.2,49.1,50.1,57.4,55.7,56.7,63.2,56.7,58,52.2,49.1,50.1,57.4,55.7,56.7
2:30,42.3,45.5,39.6,52.6,55,50.3,46.8,49.4,44.5,65.1,46.9,48.5,68.9,51.4,53.7,70.4,49.5,55.6,25.8,25.7,26.6,20.9,20.9,21,18.5,19.7,18.9,34.4,38.2,33.1,26.4,26,26.2,30.6,32.2,29.9,95.1,88.7,95.1,94.3,91.5,94.1,95,91,90.3,58.6,53.7,56.6,69.8,63.7,67.9,61.6,57.4,61.1,198.9,40.9,49.2,182.2,41.9,44.3,183.1,42.6,40.1,48.1,63,41.7,45.2,51.7,39.1,45.9,54.3,39,64.8,58.8,59.2,54.2,52.7,52.7,59.1,55.3,56.4,62.3,56.3,57.7,52,49.6,50.2,58,57,57.6,62.3,56.3,57.7,52,49.6,50.2,58,57,57.6
2:45,41.4,44.2,39.4,51.4,53.5,49.2,45.7,47.8,43.8,64.1,45.2,47.9,67.9,51,53.4,68.5,48,54.7,25.1,25.1,26.6,20.9,20.8,21,18.6,20.3,18.9,33.7,35.9,32.6,26.3,25,26.2,30.4,31.1,29.5,91.9,86.4,91.9,94.8,92.1,94.7,95,91.2,90.2,58,53.4,56.1,69.5,63.9,67.7,61.3,57.5,61.2,192.6,39.6,52.2,181.2,42,50,182.9,43.1,42.8,47.6,60.9,40.9,44.4,48.7,38.5,44.1,52,38.5,63.4,58,58.8,53.4,52.3,52.3,58.3,54.9,56,61.5,56.1,57.5,51.8,50.1,50.3,58.5,58.1,58.3,61.5,56.1,57.5,51.8,50.1,50.3,58.5,58.1,58.3
3:00,40.8,43.3,39.1,50.8,52.4,48.3,44.9,46.6,43.3,63.5,43.9,47.7,67.3,50.5,53.3,67.3,46.7,54.2,24.6,24.6,26.5,20.8,20.8,20.8,18.9,20.8,18.9,33.3,34.2,32.3,26.4,24.5,26.4,30.3,30.3,29.3,89.5,84.7,89.5,95,92.5,95,94.3,90.7,89.5,57.6,53.1,55.8,69.3,63.9,67.5,61.2,57.6,61.2,188.4,38.3,57.4,182.4,42.3,64.5,183.4,43.3,52.4,47.3,58.9,40.4,43.9,46.2,38.1,42.7,49.7,38.1,62.1,57.4,58.4,52.8,51.9,51.9,57.4,54.7,55.6,60.8,56.1,57.2,51.4,50.2,50.2,58.4,58.4,58.4,60.8,56.1,57.2,51.4,50.2,50.2,58.4,58.4,58.4
3:15,40.3,42.4,38.8,50.3,51.5,47.5,44.4,45.5,43,63.4,43,47.9,66.9,49.6,53.1,67,45.7,54.1,24.4,24.4,26.2,20.8,20.8,20.6,19.5,21.2,19,32.7,33.3,31.9,26.3,24.2,26.5,29.8,29.5,29.2,88.6,84,88.4,94.3,92.4,94.4,92.7,89.2,88,57.5,52.9,55.9,69,63.6,67,61.1,57.7,61.1,189.1,37.4,65.9,186.5,42.8,89.7,185.2,43,71,46.9,57.1,40.2,43.4,44.3,38,41.6,47.2,38,60.7,57,57.9,52.3,51.4,51.4,56.6,54.6,55.1,60.1,56.2,57,50.7,49.8,49.9,57.5,57.4,57.5,60.1,56.2,57,50.7,49.8,49.9,57.5,57.4,57.5
3:30,39.9,41.5,38.6,50,50.8,46.9,43.9,44.5,43,63.6,42.5,48.7,66.7,48.5,53.2,67.5,44.9,54.6,24.5,24.5,25.8,20.8,20.8,20.4,20.2,21.3,19.1,32,33,31.5,25.8,24,26.6,29,28.7,29.1,88.6,84,88.3,93.1,91.9,93.3,90.6,87.2,86.1,57.5,52.7,56.2,68.8,63,66.4,61.1,57.7,60.9,194,36.9,78.5,192.6,43.3,121.1,188.7,42.2,95.9,46.4,55.4,40.2,43,42.8,38.1,40.6,44.7,38.1,59.4,56.7,57.4,51.8,50.9,51,55.7,54.6,54.5,59.5,56.3,56.7,49.7,48.9,49.2,55.9,55.5,55.9,59.5,56.3,56.7,49.7,48.9,49.2,55.9,55.5,55.9
3:45,39.5,40.7,38.3,49.9,50.2,46.5,43.5,43.8,43.1,64,42.2,50.2,66.8,47.5,54.1,68.3,44.3,55.8,24.6,24.6,25.3,20.8,20.9,20.5,20.7,21.2,19.1,31.5,33.1,31.3,25.2,23.9,26.5,28.1,27.9,29.1,88.7,84,88.3,91.7,91.2,92.2,88.3,85.1,84,57.6,52.5,56.6,68.6,62.5,65.9,61.1,57.7,60.6,201.6,36.9,96.5,199.7,43.9,152.6,193.7,41.3,123.5,45.7,53.8,40.3,42.4,41.6,38.2,39.8,42.4,38.2,58.3,56.6,56.9,51.4,50.5,50.5,55.1,54.7,54.1,59,56.3,56.4,48.7,47.8,48.5,54.1,53.3,54.1,59,56.3,56.4,48.7,47.8,48.5,54.1,53.3,54.1
4:00,39.1,40,38.3,49.9,49.9,46.6,43.3,43.3,43.3,64.5,42,52.3,67.3,46.7,56.1,69.1,43.9,57.9,24.6,24.6,24.6,20.8,20.8,20.8,20.8,20.8,18.9,31.3,33.3,31.3,24.5,23.5,26.4,27.4,27.4,29.3,88.3,83.5,87.7,90.7,90.7,91.3,86.5,83.5,82.3,57.6,52.2,56.7,68.4,62.1,65.7,61.2,57.6,60.3,210.6,37.3,120.9,206.5,44.3,178.3,200.5,40.3,150.1,45,52,40.4,41.6,40.4,38.1,39.3,40.4,38.1,57.4,56.5,56.5,50.9,50,50,54.7,54.7,53.7,58.4,56.1,56.1,47.9,46.7,47.9,52.6,51.4,52.6,58.4,56.1,56.1,47.9,46.7,47.9,52.6,51.4,52.6
4:15,38.8,39.3,38.4,50.1,49.9,47.1,43.1,43.1,43.4,65,41.9,55.1,68,46.4,59.4,69.7,43.6,60.9,24.5,24.5,23.9,20.7,20.7,21.6,20.4,20.3,18.5,31.5,33.3,31.6,23.8,22.8,26.3,27,27.1,29.9,86.8,82.1,86.1,90.3,90.5,91,85.4,82.7,81.1,57.4,51.8,56.5,68.3,62,65.8,61.3,57.4,60,219.6,38,151.7,212.3,44.6,193.7,208.8,39.5,172.6,44.5,50,40.3,40.6,39.2,37.7,38.8,38.9,37.8,56.9,56.4,56.3,50.5,49.6,49.6,54.6,54.5,53.6,57.8,55.5,55.7,47.4,46,47.4,51.6,50.4,51.7,57.8,55.5,55.7,47.4,46,47.4,51.6,50.4,51.7
4:30,38.5,38.8,38.8,50.4,50,48,43.1,43.1,43.7,65.6,41.8,58.2,69,46.5,63.3,70.1,43.5,64.4,24.3,24.3,23.6,20.7,20.7,22.4,19.6,19.6,18.3,31.7,33.1,31.9,23.3,22.3,26.3,26.7,26.8,30.3,85.1,80.6,84.3,90.2,90.4,91.1,85.1,82.7,80.5,57.2,51.6,56.2,68.3,62,66.1,61.4,57.3,59.8,228.2,39,184.7,217,44.8,200.6,217.5,39,190.3,44,48,40.2,39.5,38,37.2,38.5,37.8,37.4,56.8,56.5,56.3,50.2,49.4,49.4,54.7,54.3,53.7,57.3,54.9,55.5,47.3,45.6,47.2,51.1,50.3,51.5,57.3,54.9,55.5,47.3,45.6,47.2,51.1,50.3,51.5
4:45,38.3,38.5,39.3,50.7,50.1,49.3,43.1,43.2,44.2,66.3,41.8,61.2,70,46.6,67.2,70.5,43.6,68,24.3,24.3,24.3,20.7,20.7,22.9,19,19.1,18.9,31.5,32.5,31.6,23.5,22.3,26.6,26.3,26.4,30.3,84.2,80.1,83.5,90.1,90.1,91.1,85.1,83.1,80.4,57.1,51.6,56.2,68.3,62.1,66.5,61.6,57.3,59.9,236,40.2,214.5,221,45,202.4,225.2,38.9,203.3,43.8,46.3,40.2,38.6,37.2,36.9,38.3,37.1,37,57,56.8,56.6,50,49.5,49.5,55.1,54.3,54,57.1,54.6,55.6,47.5,45.8,47.4,51.1,51,51.8,57.1,54.6,55.6,47.5,45.8,47.4,51.1,51,51.8
5:00,38.3,38.3,40,50.8,49.9,50.8,43.3,43.3,44.9,67.3,42,63.5,71,46.7,70.1,71,43.9,71,24.6,24.6,26.5,20.8,20.8,22.7,18.9,18.9,20.8,30.3,31.3,30.3,24.5,23.5,27.4,25.4,25.4,29.3,85.3,81.6,84.7,89.5,89.5,90.7,85.3,83.5,80.4,57.6,52.2,56.7,68.4,62.1,66.6,62.1,57.6,60.3,242.8,41.3,235.8,224.7,45.3,202.5,230.7,39.3,211.6,43.9,45,40.4,38.1,37,37,38.1,37,37,57.4,57.4,57.4,50,50,50,55.6,54.7,54.7,57.2,54.9,56.1,47.9,46.7,47.9,51.4,52.6,52.6,57.2,54.9,56.1,47.9,46.7,47.9,51.4,52.6,52.6
5:15,38.5,38.3,40.9,50.8,49.5,52.7,43.6,43.3,46.3,68.5,42.6,65,71.8,46.6,71.4,71.8,44.5,73.2,25.4,25.4,27,21.1,21.2,21.6,19.6,19.1,24.1,28.1,29.7,28,26.5,26.1,28.9,24.1,24.1,27.5,89,85.9,88.5,88.2,88.5,89.8,85.4,83.7,80.7,58.7,53.4,58,68.4,61.8,66.4,62.7,58.2,61.1,248.4,42.3,244.7,228.3,46,203.8,233.1,40.4,215.4,44.2,44.4,40.9,38.2,37.5,37.6,37.9,37.2,37.3,58.2,58.5,58.8,50.3,51.2,51.2,56.1,55.5,55.6,58,56.1,57.2,48.5,48.5,48.9,52.1,54.9,53.8,58,56.1,57.2,48.5,48.5,48.9,52.1,54.9,53.8
5:30,39.1,38.4,43.1,50.9,48.9,55.6,44.2,43.3,48.9,69.9,43.4,66,72.4,46.3,71.6,72.5,45.1,74.7,26.5,26.5,27.4,21.6,21.7,20.7,20.7,19.6,27.2,26.4,28.5,26.3,29.5,29.8,31.2,23.4,23.2,26.1,94.1,91.6,94,87,87.7,89,85.8,84,81.3,60.2,55.2,59.8,68.3,61.5,65.9,63.3,58.9,62.1,252.5,43.4,244.2,231.5,46.8,206,232.9,42,216.2,44.7,44.3,41.6,38.7,38.3,38.6,37.7,37.5,37.9,59.2,60.5,60.9,50.9,53.1,52.9,56.6,57.3,57.2,59.3,58.6,59.4,49.3,51.1,50.7,53.1,58.1,55.9,59.3,58.6,59.4,49.3,51.1,50.7,53.1,58.1,55.9
5:45,40.3,38.7,47.7,51.6,48.4,60.5,45.4,43.2,53.7,71.4,44.4,67.1,72.8,46,71.2,73,45.6,75.7,27.6,27.6,27.9,22.1,22.2,21.2,21.9,20.3,28.1,27.1,29,27.1,33.5,34.3,34.6,24.7,24.3,26.8,99.3,97,99.5,86.7,88.2,89.2,86.9,84.8,82.5,62,57.2,61.9,68.1,61.2,65.3,63.5,59.4,62.8,255,44.7,238.7,234.1,48,208.6,231.4,44,215.7,45.1,44.2,42.3,39.5,39.1,39.6,37.4,37.5,38.6,60.5,63.7,63.8,51.7,56,55.3,57.4,60.3,59.8,61.4,62.8,62.7,50.3,54.8,53.4,54.8,62.4,59.2,61.4,62.8,62.7,50.3,54.8,53.4,54.8,62.4,59.2
6:00,42.4,39.1,55.8,53.3,48.3,68.2,47.4,43.3,61.6,72.9,45.8,69.1,72.9,45.8,71,72.9,45.8,76.6,28.4,28.4,28.4,22.7,22.7,24.6,22.7,20.8,24.6,32.3,32.3,32.3,38.1,39.1,39.1,29.3,28.4,31.3,102.8,100.4,103.4,88.3,90.7,91.3,88.9,86.5,84.7,63.9,59.4,63.9,67.5,61.2,64.8,63,59.4,63,255.9,46.3,232.7,235.8,49.4,210.6,229.7,46.3,215.6,45,43.9,42.7,40.4,39.3,40.4,37,37,39.3,62.1,68.5,67.6,52.8,60.2,58.4,58.4,64.8,63.9,64.3,68.9,67.8,51.4,59.6,57.2,57.2,67.8,64.3,64.3,68.9,67.8,51.4,59.6,57.2,57.2,67.8,64.3
6:15,45.6,39.7,68,56.2,48.7,79.2,50.5,43.5,72.9,74.4,47.4,72.5,73,45.9,71.5,72.2,45.6,77.7,28.7,28.8,31.5,23.3,23.1,31.9,22.9,21.1,27.9,42.9,38.9,43,43.3,43.7,44.8,38,36.2,40.6,103.7,100.7,104.7,92.2,95.8,95.9,92.1,89.2,87.9,65.9,61.5,65.6,66.9,61.6,64.6,61.9,58.7,62.5,255.1,48.5,229.8,236.2,51,211.5,228.7,48.8,217.2,44.6,43.2,42.9,41.3,38.6,40.8,36.4,35.7,39.8,64.1,75.3,72.5,54.4,65.8,62.2,59.9,71.3,69.8,68.2,77.5,74.8,53.1,65.8,62.8,60.8,74.7,71.5,68.2,77.5,74.8,53.1,65.8,62.8,60.8,74.7,71.5
6:30,49.9,40.4,82.8,60.4,49.8,92,54.9,44.3,86.3,76.8,49,77.1,73.9,46.3,73.1,72.2,45.3,79.3,28.7,28.8,32.5,23.8,23.3,43.9,22.7,21.2,28.6,56.2,47.3,56.9,48.1,47.4,50.9,48.5,45.7,52.3,102.6,98.8,104,97.3,102,101.6,95.7,92.4,91.6,69.3,63.3,67.8,67.7,62.5,65.4,62,57.7,62.2,253.2,51,229.8,235.8,52.7,211.5,228.4,51.2,220,44,42.5,43,42.3,37.7,41,36.3,34.5,40.4,67.4,84.1,79,57.2,73.2,67.4,62.9,79.8,77.6,74.7,89.2,84.9,57.1,75.1,71.2,67,84.4,81.9,74.7,89.2,84.9,57.1,75.1,71.2,67,84.4,81.9
6:45,55.3,41.3,98,65.8,51.9,104.7,60.7,46,100.1,81,50.4,82.9,77,47.2,75.9,74.4,45.2,81.9,28.5,28.6,35.3,24.2,23.2,60.8,22.5,21.1,30.8,68.5,54.9,70.4,51.6,49.4,56.1,58.3,54.1,63.3,100.7,96.2,102.4,102.2,107.6,106.9,99,95.4,95.2,75.6,64.8,71.4,71.8,63.8,67.9,65.2,57.2,63.2,250.5,53.4,231.4,234.8,54.2,211.1,228.8,53.2,223.1,44,42.6,43.6,43.9,37.7,41.5,37,34.6,41.2,72.9,94.8,87.7,62.2,82.6,74.8,68.8,90.6,87.6,85.3,104.8,98.9,66,89.1,84,77.3,98.3,96.3,85.3,104.8,98.9,66,89.1,84,77.3,98.3,96.3
7:00,61.6,42.4,111.5,72.4,54.9,115.7,68.2,49.1,112.4,87.8,51.4,89.7,83.2,48.6,80.4,80.4,45.8,86,28.4,28.4,36,24.6,22.7,83.3,22.7,20.8,32.2,76.3,59.7,80.2,52.8,48.9,59.7,64.6,58.7,70.4,99.2,94.3,101,105.2,110.7,110.1,101,97.4,98,86.4,65.7,77.4,81,65.7,72.9,73.8,57.6,66.6,247.9,55.4,233.8,233.8,55.4,210.6,229.7,54.4,225.7,45,43.9,45,46.2,39.3,42.7,39.3,37,42.7,81.5,107.4,99.1,70.4,94.5,85.2,78.7,103.7,100,101.6,125,118,81.8,109.8,102.8,93.5,118,115.7,101.6,125,118,81.8,109.8,102.8,93.5,118,115.7
7:15,68.9,44,121.6,80,59.2,123.5,77.5,53.9,121.8,98,51.8,97.6,93.3,50.5,86.6,91,47.2,91.9,28.5,28.2,90.3,24.9,21.9,111.4,23.8,20.4,74.1,77,59.9,84,51.2,45.6,60.8,65.4,57.7,71.5,99.1,94.4,100.8,105.5,110,110.1,101.3,97.9,99.6,102.5,66,86.4,96.3,68,80.9,88.9,59.4,73.2,245.4,56.8,235.7,232.6,56.2,210.3,230.9,54.8,227,47.5,46.9,47.7,49.5,43.2,45,43.3,42.3,45,93.9,121.9,113.6,82.4,108.8,98.9,93.4,119.3,114.8,124.9,150.1,142.5,105.9,137.8,128.1,116.4,144,140.3,124.9,150.1,142.5,105.9,137.8,128.1,116.4,144,140.3
7:30,77.1,46.6,128.5,88.5,64.9,128.6,87.9,60.4,128.5,110.7,51.7,107.3,106.2,52.6,95.1,105.2,49.1,100.4,29.1,28.1,164.8,25.2,20.8,143.9,25.9,19.8,131.7,72.9,56.6,83.3,48.2,40.6,60.4,62.5,52.5,68.5,100.8,95.7,102.1,104.6,106.9,108.4,101.1,97.6,100.9,121.9,65.7,98.4,115.4,70.4,91.6,108.6,62,83.3,242,57.6,237.1,230.4,56.5,210.3,230.9,54.4,226.9,51.1,51.1,51.7,53.4,49.1,48.3,48.5,49.8,48.1,109.4,137.8,130.5,97.4,124.7,114.9,111.6,136.3,131.3,153.4,178.5,170.9,135.6,169.2,156.9,144.2,173.6,168.1,153.4,178.5,170.9,135.6,169.2,156.9,144.2,173.6,168.1
7:45,86.1,51.1,132.7,97.4,72.3,132,98.6,68.8,132.9,124.8,51.2,119.9,120.5,54.3,106.3,121.2,51,111.9,30.2,28.2,246.8,25.7,19.8,179.2,29.3,19.3,195.3,67.3,51.7,80.8,45.5,35.6,59.9,58.1,45.5,64.2,104.4,97.6,105.3,104.6,103.1,107.1,102.3,97.3,102.8,142,65,113.2,135.3,72.2,104.4,129.7,64.6,96.7,236.2,57.8,237.9,225.9,56.6,210.4,228,53.5,225.8,55.5,55.7,57,57.5,56.1,52.6,54,58,52,126.9,155,148.9,114.2,141,131.8,131.4,153.8,148.6,185.3,208.2,200.8,167,198.9,185.2,174.4,203.1,196.6,185.3,208.2,200.8,167,198.9,185.2,174.4,203.1,196.6
8:00,95.7,58.3,134.8,106.5,81.6,134.8,109,79.1,135.7,139.2,50.5,136.4,134.5,55.1,120.5,137.4,52.3,127.1,32.2,28.4,323.7,26.5,18.9,215.8,34.1,18.9,255.5,63.6,47,79.2,45,32.3,60.6,54.8,39.1,61.6,110.1,99.2,110.7,107.7,100.4,108.3,106.4,98,106.4,160.2,63.9,130.5,153,72.9,118.8,149.4,66.6,113.4,226.7,57.4,237.8,217.6,56.4,210.6,220.7,52.4,223.7,60,60,63.5,61.2,63.5,57.7,58.9,65.8,56.6,145.4,173.2,167.7,131.5,156.5,148.2,151,170.4,165.8,218.5,237.2,230.2,196.3,222,209.1,204.5,229,223.1,218.5,237.2,230.2,196.3,222,209.1,204.5,229,223.1
8:15,105.8,68.6,135.4,115.6,92.9,137.8,118.4,91.1,137.2,153,49.6,157.1,147.2,54.8,137.8,152.1,52.8,145.9,35,28.8,385.2,27.7,18.5,251.9,40.3,18.8,304.6,64.5,44,80.5,48,31.9,63.6,54.5,35.3,62.9,117.7,99.7,118.2,115,100.2,113.3,114.6,100.1,112.4,174.4,62.5,149.7,165.9,72.2,133.9,165.2,67.3,132.9,212.7,56.6,236.9,204.9,56.2,210.8,207.9,51.3,220.8,64.5,63.8,71.1,64.3,70.9,63.6,62.6,72.3,61.8,163.8,191.7,185.8,148.2,170.1,162.6,168.6,185.3,181.9,250.4,263,256.4,220,234.3,225.3,231.5,248,245.1,250.4,263,256.4,220,234.3,225.3,231.5,248,245.1
8:30,115.8,81.3,134.8,124.4,105.6,140.7,126.7,104.3,137.7,165.4,49,179.5,157.8,53.9,156.3,164.9,52.9,166.2,38.4,29.3,430.7,29.4,18.4,285,47.2,18.7,341.8,69.5,43.7,84.6,54.2,34.4,68.8,57.3,34.7,67.7,126.1,99.6,126.7,125,101.8,120.8,124.9,102.9,119.5,185,61.1,169.1,174.7,70.5,148.8,177.2,67,153.2,196.2,55.7,235.4,189.4,55.9,210.8,191.8,50.4,217.7,68.6,68.3,79.2,67.2,78.3,69.6,65.6,78.7,67.5,181,208.6,201.7,162.8,180.5,173.9,183.2,197,195.1,276.9,282.1,276.3,235.9,236.2,232.6,252.2,258.5,259.7,77.1,70,75.2,70.9,65.9,69.7,74.5,66.8,73.1
8:45,124.9,95.2,133.1,132.8,119,143.2,133.8,118,137.7,175.9,48.8,200.5,166.2,53.2,173.4,175.1,53.1,185.2,42,29.9,462,31.5,18.5,312.3,53.6,18.8,368,77.4,46.7,90.6,62.6,39.6,75.7,63.1,37.5,75.1,133.9,99.2,134.7,134.9,104,128.9,134.7,105.4,126.3,193.2,59.7,186.8,180.5,68.4,162.2,185.8,66,171.8,180.2,54.8,233.6,173.1,55.6,210.4,175.3,50.1,214.8,72.1,75.4,86.9,70.2,86.1,75.2,68.7,86.4,73.1,195.6,221.4,213.6,173.8,186.6,180.6,193.7,204.6,203.4,293.5,290.8,286.3,241.9,229,230.9,262.7,259.2,264.2,76.3,67.4,71.9,69.3,63.7,66.6,72.3,64.3,69.3
9:00,132.3,109,130.7,140.7,132.3,144.8,139.8,131.5,137.3,184.1,49.5,216.8,171.9,53.3,186.9,182.2,54.2,200,45.4,30.3,480.8,34.1,18.9,331.2,58.7,18.9,384.2,87.1,53.8,97.8,72.4,47,84.1,71.4,44,84.1,139.7,99.2,140.9,142.1,105.8,135.5,141.5,106.4,131.2,199.8,58.5,200.7,184.5,66.6,172.8,191.7,64.8,186.3,167.3,54.4,231.7,158.2,55.4,209.6,161.2,50.4,212.6,75.1,86.6,93.5,73.9,94.7,79.7,72.8,97,78.5,206.6,227.9,219.5,179.7,187.1,181.6,199.2,206.6,204.7,295.6,285.1,282.7,236,213.8,219.6,259.4,248.9,255.9,76.1,65.6,69.1,68,61.8,63.9,70.7,62.4,66
9:15,137.6,121.9,127.7,147.8,144.8,145.3,144.7,144.2,136.9,189.5,51.3,226.2,175,54.7,195,186.1,56.4,208.5,48.4,30.5,489,37,19.4,340,61.6,19,391.7,97.4,65.2,105.6,82.8,56.2,93.5,81.9,54.2,93.8,142.4,99.8,144.2,144.9,106.3,139.1,143.4,105.4,133.3,205.7,57.7,209.3,187.6,65.5,179.8,195.3,63.7,194.8,159.5,54.6,230,146.4,55.4,208.1,151.7,51.6,211.3,77.5,103.2,98.6,78.7,104.4,82.8,78.3,111.6,83.4,212.9,226.4,218.5,179.6,181.6,176.1,198.9,202.4,198,280.5,263.1,263.8,217.4,192.5,199.4,240.3,227.3,233.6,75.8,64.3,66.8,66.8,60.2,61.8,69.2,61,63.5
9:30,141.1,133.7,124.6,154,156.2,144.9,148.8,155.5,136.4,192.8,53.8,230,176.1,57.2,198.7,187.5,59.5,212.1,50.9,30.5,489.9,40.1,20,341.2,62.7,19,393.1,108.4,79.5,114.1,93.1,66.4,103.2,93.7,66.8,103.7,142.9,100.9,145.4,144.1,105.8,140.3,141.8,102.9,133.2,210.9,57.3,213.7,190.3,65.1,183.9,197.3,62.8,198.7,155.5,55.4,228.1,137.7,55.7,205.8,145.9,53.5,210.5,80.8,123.6,102.6,84.7,115.4,85.2,85.5,129.1,88.1,214.6,218.6,211.6,174.9,171.8,166.1,194.1,193.4,185.5,252.9,230.4,234.4,190.6,168.3,174.1,210.7,198.8,202.5,75,63.5,64.8,65.1,58.8,60.2,67.8,60,61.8
9:45,143.3,144.4,121.5,158.9,166,143.8,152.4,165.3,135.7,195.1,56.8,230.4,176.3,60,199.8,187.7,62.7,212.6,53,30.4,486.7,43,20.5,338.3,62.8,19,391.5,119.9,94.6,123.5,102.9,76.6,112.4,105.9,80.5,113.3,142.4,102.1,145.5,141.8,104.8,140.3,138.6,99.9,132.1,215.3,57.3,215.4,192.5,65.2,186.3,198.3,62.3,199.7,153.4,56.7,225.4,131.7,56.7,202.6,142.2,55.8,209.1,86.8,145.8,106.4,91.9,127.9,87.7,94.1,147.9,92.9,212.1,206.6,200.8,167.2,160.1,154.1,186.2,181.5,170.6,219.2,194.8,201.1,161.4,144.9,148.5,177.8,169.1,169.5,73.7,62.9,63.2,63.1,57.7,58.9,66.2,59.1,60.7
10:00,144.8,154,119,162.3,174,142.3,155.6,173.1,134.8,197.1,59.8,229.9,176.6,62.6,200,187.8,65.4,212.1,54.9,30.3,482.6,45.4,20.8,335,62.5,18.9,389.9,132.1,108.6,134,111.5,86.1,120.3,117.4,93.9,122.3,142.1,102.8,145.8,139.7,104,140.3,136.1,97.4,131.2,218.7,57.6,216,194.4,65.7,188.1,198.9,62.1,199.8,151.1,58.4,221.7,128,58.4,198.5,139,58.4,206.5,97,167.4,110.9,100.5,142,91.2,103.9,166.3,98.2,205.6,192.7,188,158.4,149.1,142.6,176.9,168.6,156.5,185.8,163.6,170.6,135.5,126.2,127.3,148.4,143.7,141.4,72,62.4,61.9,61.2,56.7,57.8,64.8,58.4,60
10:15,146,162.6,117.3,164.1,180,140.8,158.9,178.8,133.7,199.8,62.6,230,177.7,64.5,200.6,188.7,67.2,212.2,56.6,30.1,480.5,47.2,20.9,334.1,62.2,18.8,390.6,144.7,120,145.5,118.6,93.9,126.5,127.4,105.7,130.2,142.9,102.9,147,139.2,103.8,141.1,135.7,96.1,131.5,220.8,58.2,216.6,196,66.4,190.1,199.5,62.3,200.4,147,60.4,216.4,126,61.2,193.4,135.1,61.1,202.2,112.5,186.9,116.8,110.2,157.7,96.5,114.8,183.1,104.3,195.9,178.9,175,150.1,140.8,133.8,167.6,156.5,145.9,158,142.8,148.1,117.5,114.8,114.4,128.2,126.8,123.3,70.1,61.8,61,59.4,56.1,56.9,63.5,57.7,59.4
10:30,147.2,170.5,116.2,164.7,184.6,139.5,162,183.1,132.4,202.7,65.1,231.2,179.4,65.9,201.9,190.1,68.5,213.1,57.9,30,479.8,48.4,20.9,334.9,62.2,18.7,392.9,156.7,128.8,156.8,124.2,100.2,131,135.7,115.5,137,144.5,102.5,149,140,104.1,142.5,137.1,95.9,132.8,222,59.2,217.4,197.5,67.3,192.2,200.2,62.9,201.5,141.5,62.5,210.2,125.3,64.5,187.8,130.6,63.7,196.5,131.1,203.9,124.4,120.3,173.7,103.5,126,198.4,111.6,185,167,163.4,143.4,135.6,128.2,159.6,146.4,139,137.3,131.8,133.7,107.1,109.9,108.7,116.7,117.8,114.3,68.1,61,60.4,57.9,55.6,56,62.4,57,58.6
10:45,148.4,178,115.7,165,188.7,138.5,164.9,187,131.4,205.4,67.2,233,181.3,67,203.6,191.9,69.6,214.6,58.7,30,479.6,49,20.8,336.3,62.3,18.8,395.7,166.9,135.6,166.2,128.3,105,134.4,142.2,123,142.5,146.3,101.8,151.2,141.4,104.5,144,139.3,96.3,134.7,222.4,60.5,218.2,198.7,68.3,194,200.9,63.8,202.7,135.6,64.6,203.7,125.2,68.1,182.3,126,66.2,190.3,150,218.5,133.9,129.7,188.2,111.8,136.5,213.1,120.6,175.4,158.1,154.5,139.1,133.7,125.8,154,139.6,135.5,123.9,128.2,126,102.7,109.6,108.3,112,114.7,111.8,66.2,60.1,59.9,56.8,55.2,55.1,61.4,56.2,57.7
11:00,149.8,185.6,115.7,165.6,193.1,138.2,167.3,191.4,130.7,207.4,69.1,235.5,183.1,68.2,205.6,193.4,71,216.8,58.7,30.3,478.9,49.2,20.8,336.9,62.5,18.9,397.5,174.1,140.9,172.2,131.1,108.6,136.9,146.7,128.1,146.7,147.6,101,153,142.7,104.6,145.1,141.5,96.8,136.7,222.3,62.1,218.7,199.8,69.3,195.3,201.6,64.8,203.4,130,66.5,197.5,124.9,71.5,177.3,121.9,68.5,184.4,166.3,231,145.5,137.4,199.8,121.3,145.5,227.5,131.6,169.5,153.8,150.1,138,135.2,126.9,151.9,137.1,135.2,118,129.7,123.8,102.8,112.2,111,112.2,115.7,113.3,64.3,59.2,59.6,56,54.9,54.3,60.4,55.6,56.9
11:15,151.5,193.3,116.1,167.1,198.3,138.6,169.2,197,130.6,208.4,70.8,238.1,184.4,69.7,207.6,194.5,73.1,219.2,57.8,30.8,476.5,49,21.1,335.6,62.6,19.3,397.3,177.4,144.9,173.6,132.7,111.1,139,149.3,130.8,149.6,147.9,100.4,154,143.4,104.4,145.7,143,96.9,138.4,221.9,63.9,218.7,200.6,70.2,195.6,202.1,65.8,203.2,125.6,68.2,192,124.1,74.4,173.3,118.8,70.6,179.2,177.7,241.2,159,142.7,207.2,131.4,152.3,242,144.7,168.9,154.6,150.7,140.4,139.9,131.2,153.9,139.4,137.5,119.2,134,125.7,105.9,115.9,115,115.3,118.7,116.5,62.7,58.5,59.4,55.2,54.4,53.6,59.4,55.2,56.1
11:30,153.5,200.6,117,169.4,203.7,140.1,170.8,203,131.5,208.3,72.2,240,185.2,71.4,209.1,195.1,75.6,221.2,56.3,31.4,472,48.4,21.5,332,62.6,19.8,395,177.7,147.8,171.6,133.4,112.7,140.3,150.3,131.5,151.2,147.5,100,154.3,143.7,104,145.8,143.6,96.8,139.7,221.4,65.7,218.2,201.4,71.1,195.3,202.7,66.7,202.3,122.7,69.6,186.8,123.2,76.7,169.7,116.9,72.4,174.3,184.6,249.2,172.7,145.9,211,141.2,157.1,255.2,158.3,171.3,158.2,154.1,144.4,145.6,136.6,157.9,144.3,140.7,124.5,138.9,129.3,109.8,119.3,118.7,119.2,122.2,119.6,61.2,58.1,59,54.5,53.8,53.1,58.1,55.1,55.4
11:45,156,206.6,118.7,172.4,208.7,142.6,172.5,208.5,133.6,207.4,73.5,240.4,185.3,73.2,209.6,195.3,78.2,222,54.6,31.9,464.8,47.3,22,326.2,62,20.4,390.6,176.2,149.4,167.7,133.4,113.8,140.7,150.2,131.4,151.5,146.8,99.8,154.3,143.7,103.9,145.9,143.7,96.6,140.6,220.9,67,217,202.3,71.7,194.5,203.3,67.3,200.8,121.4,70.7,181.1,122.6,78.4,165.6,116.5,73.7,168.9,187.8,254.7,184.3,147.4,212.5,149.8,160.1,265.6,170.4,173.5,161.5,157.4,147.5,149.8,140.9,161.3,148.8,143.1,130,142.1,132.2,112.6,121.2,121,122,124.5,121.4,60,57.9,58.7,53.9,53.1,52.7,56.9,55.2,54.9
12:00,159,210.6,121.5,175.6,212.2,146.5,174.8,212.2,137.3,205.6,74.7,238.3,185,74.7,208.4,195.3,80.4,220.5,53,32.2,454.3,45.4,22.7,318,60.6,20.8,384.2,174.1,149.7,163.4,133,114.4,139.9,149.7,131.1,150.6,146.4,99.8,154.2,143.9,104.6,146.4,143.3,96.2,140.9,220.5,67.5,215.1,203.4,72,193.5,204.3,67.5,198.9,121.9,71.5,174.3,122.9,79.6,160.2,117.9,74.6,162.2,188.2,257.5,191.7,147.8,212.5,155.9,161.7,271.4,179,172.3,161.2,157.5,147.3,150.1,141.7,161.2,150.1,142.6,132,141.4,132,112.2,120.3,120.3,121.5,123.8,120.3,59.1,57.8,58.2,53.3,52.5,52.3,55.8,55.3,54.6
12:15,162.4,211.8,125.4,179,213.7,151.5,177.7,213.5,142.6,203,76,233,184.1,76,205.1,194.9,81.9,216.3,51.7,32.1,440,42.9,23.4,307.4,58.2,21.1,375.8,172.6,148.5,159.9,132.5,115,137.8,149,131.3,148.8,146.3,100,154.3,144.5,106.3,147.4,142.7,95.7,140.7,220.1,66.9,212.1,204.7,71.9,192.3,205.4,67.1,196.6,124.1,72,165.9,124.4,80.2,153,120.8,74.8,153.7,186.8,257.7,193.5,147.5,212,158.9,162.1,271.6,182.7,165.4,155.2,152.2,142,144.6,137.4,155.8,146,138.2,127.8,135.2,127,107.1,115.9,116,116.4,119.2,115.6,58.5,57.7,57.7,52.8,51.9,51.9,55.2,55.2,54.4
12:30,165.8,210.2,129.6,181.9,212.8,156.7,180.8,211.8,148.2,199.7,77.3,225.1,182.4,77,200,193.9,82.8,209.8,50.6,31.6,422,39.9,24.1,294.7,55,21.2,364.5,172,146.8,157.5,131.8,115.4,134.6,148.7,131.6,146.4,146.5,100.5,154.5,145,108.3,148.6,141.8,95.4,140,219.4,65.4,207.8,205.5,71.6,190.3,206.1,66.2,193.3,126.4,72.1,156.2,125.9,80.1,144.7,123.8,74.4,144.2,184.3,256.1,191.1,146.8,211.5,159.2,161.8,267.8,182.6,154.5,145.4,143.2,133.1,135.3,129.4,146.7,138.1,130.9,119.2,125.4,118.8,98.8,108.9,109,108.1,111.8,108.4,58.3,57.5,57.1,52.4,51.6,51.5,55.2,54.9,54.5
12:45,168.4,205.9,133,183.7,209,160.7,183.1,207,152.8,195.6,78.4,215.7,179.7,77.8,193.8,191.7,83.2,201.9,49.3,31,400.2,36.8,24.5,280.4,51.3,21.2,349.3,172.4,145.2,155.8,131.3,115.9,131,148.8,131.4,143.9,146.2,101,154.3,145,110.1,149.1,140.8,95.1,139,217.6,63.7,201.4,205.1,71,186.5,205.4,65.1,188.3,127,71.7,146.1,125.9,79.2,136,124.8,73.3,134.6,181.4,253.8,186.7,145.7,211.2,157.5,161.1,262.4,180.1,142,134.4,132.7,122.7,124.5,119.9,135.9,128.5,122.5,109.1,114.6,109.6,89.7,100.9,100.9,98.9,103.4,100.4,58.3,57.3,56.7,52.1,51.6,51.3,55.6,54.7,54.7
13:00,169.8,198.9,134.8,183.9,202.3,162.3,183.9,198.9,154.8,190.6,79.4,205.6,175.7,78.5,186.9,187.8,83.2,193.4,47.3,30.3,374.8,34.1,24.6,265,47.3,20.8,329.3,174.1,144.8,154.6,131.1,116.4,127.2,149.7,130.1,141.8,145.1,101.6,153.6,143.9,110.7,148.2,139.7,95,137.9,214.2,62.1,192.6,202.5,70.2,180,202.5,63.9,180.9,123.9,70.5,136,122.9,77.6,128,121.9,71.5,125.9,179,251.7,182.5,144.3,211.3,154.7,160.5,257.5,176.7,130.6,125,123.2,113,114.9,111.2,126,119.5,114.9,100.5,105.1,101.6,81.8,93.5,93.5,91.1,95.8,93.5,58.7,57.6,56.8,51.9,52,51.3,56.2,54.7,55.3
13:15,169.4,189.6,134.2,182.1,192.4,160.5,182.7,187.6,153.2,184.6,80.1,195.7,170.1,79.1,179.9,181.9,82.8,185,44.6,29.6,346.4,31.9,24.3,249.2,43.4,20.3,304.7,177.1,146,153.7,131.1,116.9,123.7,151.4,127.3,140.6,142.8,102.2,152.2,141.5,109.7,145.4,138.4,95,136.8,208.4,61,181.1,197,69.3,170.4,196.5,62.8,170.7,116.1,68.7,126.7,116,75.1,121.3,113.9,69.1,119.1,177.5,250.6,179.8,143,211.8,151.3,160.3,254.9,173.6,122.1,119.4,116.5,105.7,108.4,104.8,118.5,112.9,109.4,95.5,99.2,96.8,76.8,87.9,87.9,86.4,90.5,88.9,59.4,58.5,57.7,51.9,52.8,51.9,56.9,55.2,56.1
13:30,167.6,178.7,131.7,178.7,180.9,156.1,179.8,174.6,148.9,177.5,80.5,186.7,163.1,79.5,173.4,174.1,82.1,177.4,41.4,29,319.4,30.3,23.8,235.5,39.8,19.6,279.8,180.4,148.3,153.2,131.4,117.2,120.9,153.6,123.6,140.1,139.3,102.4,149.9,137.8,107.5,141.4,136.8,95.3,135.9,200.2,60.3,168.7,188.7,68.5,159.3,187.7,62,159.4,105,66.3,118.7,106.4,72.1,116.6,102.6,66.3,114.2,177,249.1,177.6,142.1,211.7,147.2,160.7,253.3,170.1,116.1,116.9,112.5,100.6,104.7,100.8,113.1,108.6,105.9,93.4,96.4,94.6,74.3,84.2,84.2,84,87.3,86.4,60.3,60.4,59.6,52.1,54.1,53.2,57.4,56.7,57.2
13:45,164.8,167.3,128,174.1,169.2,150.2,175.8,161.7,143.2,168.9,80.3,179.2,154.6,79.3,168.1,164.8,80.9,170.9,38.4,28.5,298.8,29.2,23.2,226.5,36.6,19.1,260.3,183,151.1,153.1,131.8,116.8,119,155.5,120,140,134.6,102.1,147,133.3,105,137.2,134.5,95.6,135,189.3,60.1,157.7,177.5,67.8,148.9,176.1,61.4,149.2,93.1,63.8,112.6,96,69.1,114,90.3,63.7,111.1,177.2,245.5,174.1,142.4,209.7,141.9,161.8,250.9,165.3,111.6,116.1,110.3,96.8,102.8,98.5,108.8,105.7,103.9,92.8,95.9,94.2,73.2,82.3,82.2,82.9,85.8,85.4,61.3,63.3,62.3,52.6,56.1,55.2,57.9,59.1,59
14:00,161.5,156.5,124,169,159,144,171.5,150.6,137.3,158.8,79.4,173.8,144.8,78.5,164.4,154.2,79.4,166.3,36,28.4,289.6,28.4,22.7,225.2,34.1,18.9,251.7,183.9,153.6,153.6,132.1,115.4,118.4,156.5,117.4,139.9,128.8,101,143.3,128.2,102.8,133.7,131.2,96.2,134.3,175.5,60.3,150.3,163.8,67.5,141.3,162,61.2,142.2,82.6,61.5,108.8,86.6,66.5,113.9,79.6,61.5,109.8,177.8,237.9,167.4,144.3,204.4,135.1,164,246,158.2,107.4,115.8,109.3,93.6,101.9,97.3,104.7,103.7,102.8,92.3,97,94.6,72.4,81.8,81.8,81.8,85.3,85.3,62.4,67.4,65.9,53.3,59.1,57.8,58.5,62.7,61.8
14:15,158.1,147,120.2,163.7,151.4,138.4,167.2,142.8,132.4,147.2,77.8,171,133.9,76.8,163,142.6,77.5,163.9,34.5,28.6,294.8,27.8,22.5,232.9,32.4,19.1,257.5,182.4,155.1,154.7,132.1,112.9,119.2,156.3,116.5,139.7,122.3,98.9,139.2,123,101.5,131.5,126.9,96.7,133.7,158.9,60.7,148.1,147.7,67.6,138.1,145.8,61.4,139.9,75.3,59.5,107.7,79.8,64.6,116.3,72.3,60,110.1,178.8,225.3,156.5,148.4,195.1,126.7,167.1,237.1,148.2,102.9,114.8,108.8,90.3,101.1,96.5,100,102,102.1,90.7,98.7,95.1,71.2,82.5,82.5,79.8,85.4,85.5,63.5,72.5,70.1,54.4,63.5,61,59.4,67.6,65.9
14:30,154.9,138.9,116.8,158.9,146,133.6,163.1,137.6,128.4,134.8,75.7,170.7,122.7,74.4,163.5,130.9,75.3,163.6,33.9,29,309.8,27.4,22.5,245.5,31.3,19.7,272.9,179.5,155.5,156.8,132.2,109.8,121.2,155.1,116.8,139.9,115.5,96.3,135.2,118.2,101,130.7,121.9,97.3,133.3,141.2,61.4,151,131,67.9,139.2,129,61.9,142.2,70.8,58,108.4,75.6,63.5,120.1,68.1,59.3,111.4,179.9,209.3,143.2,154,183.1,117.8,170.9,225.2,136.6,98.2,113.2,108.5,87.1,100.4,96.2,95.3,100.5,101.7,88.2,100.7,95.5,69.7,84,83.9,77.4,85.8,85.9,64.5,78.9,74.8,56,69.3,64.8,60.7,73.9,71.7
14:45,151.8,132.1,113.7,154.6,141.6,129.4,159.2,133.9,124.8,122.7,73.4,172.7,112,71.8,165.4,119.8,73.1,165.1,33.9,29.6,328,27,22.6,257.4,30.7,20.3,290.9,176.6,155,160.2,132.4,107.1,124,153.7,117.6,141.1,109.4,93.8,132.1,114.1,100.9,130.9,117.1,97.5,133.1,124.2,62.1,157.9,115.3,68.2,143.7,113.1,62.5,148,68.2,57,109.8,73.6,63.1,123.8,66.1,59.2,112.9,181.2,192.3,130.2,160.6,170.2,109.4,174.7,211.5,125.1,94,111.3,108.4,84.4,99.7,96.2,91.1,99.2,101.4,85.5,102.6,95.7,68,85.5,85.5,75.1,86.2,86.3,66.2,86.5,80.4,58.4,76.3,69.4,63.2,81.5,78.9
15:00,149,126.5,110.7,151.5,137.3,125.7,155.6,130.7,121.5,112.1,71,176.6,102.8,69.1,168.2,110.3,71,168.2,34.1,30.3,342.6,26.5,22.7,263.1,30.3,20.8,304.7,175.1,153.6,165.3,133,105.6,127.2,152.6,118.4,143.8,104.6,91.9,130.6,111.3,101,131.8,113.1,97.4,133.1,109.8,63,168.3,102.6,68.4,151.2,99.9,63,156.6,66.5,56.4,110.8,73.6,63.5,125.9,65.5,59.4,113.9,182.5,176.7,120.1,167.4,158.2,102.8,177.8,197.5,115.5,90.8,109.3,108.4,82.4,99.1,96.3,88,98.2,101,83,104,95.8,66.6,86.5,86.5,73.6,86.5,86.5,69.1,95.1,87.2,62.2,84.4,75.2,67.7,90.4,87.5
15:15,146.5,122,107.9,149.6,132.4,122.4,152.3,127.1,118.1,103.8,68.9,182.1,95.7,66.8,171.5,102.7,69.2,172.5,34.3,30.9,348.5,25.9,22.8,258.6,29.8,21.1,309,176,151.4,172.2,134.2,106,130.4,152.3,118.4,148.4,101.8,91.1,131.3,110,100.9,133.3,110.4,96.7,133.2,99.4,63.8,180.9,94.1,68.2,160.6,90.4,63.3,166.9,64.9,56.3,110.7,75,64.4,125.5,65.5,59.9,113.8,183.7,164.2,114.8,173.8,148.6,98.9,180,184.2,109,88.9,107.5,108.3,81.5,98.6,96.7,86.6,97.4,100.4,81.1,104.6,95.8,65.6,86.5,86.5,73.4,86.3,86.3,74.2,104.7,95.6,67.6,93.2,82.4,75,100.6,97.3
15:30,144.4,118.1,105.5,148.6,127,119.6,149.5,123.1,114.8,97.4,67,188.2,90.4,64.8,174.6,96.9,67.6,177.3,34.4,31.4,345.8,25.4,22.8,245.9,29.4,21.2,304.7,178.9,149,180,135.9,107.7,133.4,152.9,118,153.9,100.5,91.2,133.5,110,100.8,135,108.6,95.8,133.4,92.5,64.6,194.1,89.2,67.8,170.6,84.1,63.4,177.6,63.5,56.5,109.5,77.2,65.7,123,65.7,60.4,112.9,184.8,154.7,113.5,179.2,141.2,97.3,181.2,171.9,105.2,88.2,106.1,108.3,81.3,98.1,97,86.3,96.7,99.9,79.9,104.8,95.8,65,85.8,85.9,74.1,85.8,86,81.9,115.2,105.8,75.1,102.5,91.3,85.7,111.8,108
15:45,142.7,114.8,103.5,148,121.6,117.4,147.2,119,111.7,92.6,65.2,193.9,86.4,63.1,177.2,92.1,66.1,181.4,34.4,31.9,336.4,24.9,22.8,228.5,28.9,21.1,294.3,182.8,147.2,187.6,137.8,110.1,136,154.4,117.6,159.3,100.2,91.8,136.2,110.6,100.6,136.6,107.5,94.9,133.6,88.2,65.2,205.9,86.7,67.5,179.7,80.1,63.3,186.9,62.3,56.9,107.7,79.4,66.8,119.5,65.8,60.6,111.4,185.5,147.5,114.2,183.1,135.3,97.3,181.6,160.6,103.4,88,105.4,108.6,81.4,97.7,97.2,86.7,96.1,99.4,79.4,104.9,96.1,64.6,84.8,85,75.2,85,85.6,91.7,126.5,117.4,84.4,112.3,101.6,98.7,123.7,119.3
16:00,141.5,111.5,102.4,147.3,116.5,115.7,145.7,114.9,109,88.8,63.5,198.1,83.2,61.7,178.5,87.8,64.5,184.1,34.1,32.2,321.8,24.6,22.7,210.1,28.4,20.8,280.1,186.8,146.7,193.7,139.9,112.5,137.9,156.5,117.4,163.4,100.4,92.5,138.5,111.3,100.4,137.9,106.4,94.3,133.7,85.5,65.7,214.2,85.5,67.5,186.3,77.4,63,193.5,61.5,57.4,105.8,80.6,67.5,115.9,65.5,60.5,109.8,185.9,142,115.5,184.8,130.5,98.2,181.3,150.1,102.8,88,105.6,109.3,81.5,97.3,97.3,87.1,95.4,99.1,79.4,105.1,97,64.3,84.1,84.1,75.9,84.1,85.3,103.1,138.4,129.8,95.2,122.6,112.8,112.9,135.8,131
16:15,140.9,108.3,102.2,146.2,112.2,114.6,145,111,106.9,85.6,62,200.1,80.3,60.4,178.2,83.6,62.8,184.5,33.5,32.4,303.4,24.6,22.6,193.3,27.9,20.4,264.3,190.3,148.1,197.6,141.9,114.4,139.2,159.3,117.9,165.3,100.6,93.1,139.8,111.7,100.3,138.6,105.2,94.4,133.4,83.6,66,217.7,84.5,67.9,189.2,75.1,62.6,196.1,61.1,57.9,104.1,80.3,67.4,113,64.6,59.7,108.3,186,137.9,116,184.1,126.4,99.3,180.7,140.8,102.7,87.9,106.9,110.6,81.3,96.9,97,87.1,94.7,99.2,80.1,106.1,98.5,63.9,83.9,83.7,76.1,83.2,85.2,115.4,150.9,142.6,107.2,133.5,124.5,127,147.6,142.6
16:30,141.7,105.9,103.2,145,108.9,114.2,145.4,107.7,105.7,83.3,61.2,200.7,77.8,59.7,176.8,79.7,61.5,183.6,32.9,32.4,281.9,24.7,22.4,177.7,27.5,19.9,246.5,193.8,151.2,200.5,144,116.2,140.4,162.9,119.3,166.2,101,93.4,140.3,111.9,100.2,139,104.1,95,133.1,82.5,66.5,218.2,83.5,68.5,189.5,73.3,62.3,196,61.5,58.6,103.1,78.8,66.8,110.9,63.6,58.9,107.1,186.9,136.1,116.6,182.1,123.6,100.8,180.5,133.8,103.7,88.5,109.8,113.1,81.3,96.9,96.8,87.3,94.5,99.9,81.5,107.9,101.2,63.8,84.1,83.5,76.1,82.6,85.4,128.1,163.6,155.2,119.9,144.9,136.1,139.9,158.5,153.7
16:45,144.9,105.2,105.6,144.1,106.7,114.6,146.7,105.6,105.5,82.4,61.8,200.9,75.9,59.7,175.1,76.9,61.2,182.1,32.4,32.4,257.6,24.8,22.5,162.3,27,19.4,226.2,197.9,155.7,203.9,146.6,118.3,142.3,167.1,122,167.4,101.9,93.6,140.5,112.1,100.3,139.2,103.5,95.9,132.9,82.4,67.7,217.7,82.3,69,188.3,72.2,62.4,194.9,62.5,59.7,103.1,76.7,66,109.5,63,58.3,106.2,189.9,138.2,118.7,179.9,123.1,103,181.6,130.7,106.2,90.9,114.4,117.4,81.8,97.5,97.1,88.5,95.8,101.6,84.3,111,105.2,64.2,84.2,83.3,77,82.8,86.2,141,175.8,167,132.7,155.5,146.7,151.3,168,163.5
17:00,151.5,107.4,109.9,144,105.7,115.7,149,104.9,106.5,83.2,64.5,201.8,74.7,60.7,173.8,75.7,62.6,181.3,32.2,32.2,230.9,24.6,22.7,145.7,26.5,18.9,202.5,203.5,161.4,209.3,149.7,121.3,145.7,172.2,126.2,170.2,103.4,93.7,140.9,112.5,100.4,139.7,104,96.8,133.1,83.7,70.2,218.7,81,69.3,187.2,72,63,194.4,64.5,61.5,104.8,74.6,65.5,108.8,63.5,58.4,105.8,196.3,145.5,123.6,179,125.9,106.2,184.8,132.8,110.9,96.3,121.3,124.1,83.4,99.1,98.2,91.7,99.1,104.7,88.8,115.7,111,65.4,84.1,83,79.4,84.1,87.6,154.1,186.7,177.3,144.4,164,155,161.4,175.6,170.8
17:15,161.9,112.9,116,144.9,106.1,117.6,152.3,106,109.1,85.8,69.5,204,74.4,63,173.2,76.5,65.9,181.5,32.4,31.9,202.5,24.1,23.3,127.4,26,18.6,175.4,210.8,167.8,217.7,153.5,125.5,151.2,177.8,132,175.7,105.8,93.9,142,113.2,100.5,140.6,105.8,97.6,133.6,86.2,74.1,222.5,79.4,69.1,186.9,72.8,64.3,195.6,67.3,64.1,108.1,72.8,65.4,108.5,65.4,59.7,105.8,207,158.9,132.1,180.3,132.5,110.6,190.7,141.1,118.1,105.5,130.7,133.7,86.6,102.1,100.6,97.4,105.2,109.4,95.7,122.5,119.1,68.1,84,82.8,84.5,87.4,90.3,167.3,195.4,185.5,154.2,169,159.9,169.8,180.5,174.8
17:30,174.6,120.9,123.7,146.9,107.7,120.3,156.4,108.8,113.1,89.5,76,205.8,74.8,66,172.4,78.6,70.4,181.7,33,31.7,174,23.5,23.9,108.5,25.4,18.4,146.9,218.8,174.5,227.8,157.4,130.3,157.9,183.6,138.7,183,108.7,94.3,143.7,113.9,100.7,141.6,108.1,98.2,134.5,89.3,78.8,227.3,77.8,68.7,187.2,74,65.9,197.4,70.5,67.1,112.2,71.2,65.5,108.2,68.2,61.5,105.8,220.8,176.8,143,183.8,142.1,115.8,198.9,154.4,127.2,117.8,142.4,146,91.7,106.8,104.8,105.7,114,116.2,106.9,133.2,131.1,74.2,86.4,85.7,93.6,94.7,96.6,180.5,201.1,191,161.2,169.6,160.6,176.6,182.4,174.7
17:45,187.4,130,132.6,150,110.4,123.9,161.5,113.2,118.3,93.4,82.6,205.5,75.6,69.2,170.2,81.1,75,180,33.6,31.7,147.5,22.9,24.5,90.7,24.9,18.5,119.7,226.3,180.7,237.7,160.9,135.1,164.6,188.8,145.2,190.7,111.5,95.2,145.8,114.2,100.6,142.4,110.2,98.8,135.6,92.1,83.2,230.5,76.7,68.6,186.9,75.2,67.5,197.9,73.5,70.1,115.9,69.5,65.3,107.1,71.2,63.3,105.3,236.3,196.9,154.6,189.2,153.8,121.4,208.8,170.7,137.4,132.7,156.1,160.5,99.2,113.7,111.5,116.2,125.3,125.6,124.9,149.7,148.8,85.8,94.8,95.1,108.5,108.4,109.2,192.1,203.4,193.5,165.5,166.7,157.8,181.3,181.3,171.3
18:00,198.1,139,142.3,154,114,128.2,167.3,119,124.8,96.2,87.8,200.9,76.6,71.9,165.4,83.2,78.5,174.7,34.1,32.2,124.9,22.7,24.6,75.7,24.6,18.9,96.5,231.8,185.9,245.5,163.4,138.9,170.2,192.7,150.6,197.6,113.7,96.8,148.2,113.7,100.4,142.7,111.3,99.2,136.7,93.6,86.4,229.5,76.5,69.3,185.4,75.6,68.4,195.3,75.6,72.5,117.9,67.5,64.5,104.8,73.6,64.5,103.8,251.7,217.1,165.1,196.3,166.3,127,219.4,188.2,147.8,149.1,171.4,176.9,109.3,123.2,121.3,128.8,138.9,138,151.9,174.1,174.1,105.1,112.2,114.5,130.9,130.9,130.9,200.6,202.2,192.6,167,161.4,152.8,183.3,177.3,165.7
18:15,205.2,146.8,152.4,158.8,118.3,133.2,173.7,126,132.4,97.4,90.8,190.7,77.6,73.9,157.1,84.1,80.1,164.8,34.3,33.2,107.6,23,24.2,64.7,24.4,19.8,79.3,234.4,189.5,249.8,164.2,141.3,173.9,194.9,154.2,202.6,115,99.1,150.6,112.1,99.9,142.3,110.7,99.5,137.6,93.2,87.6,222.2,77.3,70.9,181.7,74.9,68.4,188.3,76.3,74,117.3,65,62.7,100.7,74.8,64.6,100.8,265.8,235.2,173.3,204.6,178.7,132.3,230.2,205.2,157.6,166.4,187.8,194.5,122.1,135.4,134.4,142.9,154.5,153.5,188.6,206.9,207.3,133.1,140.2,145.3,161,162.9,162.7,204.4,197,188,165.7,155,146.7,182.2,170.6,159.1
18:30,209.1,153.5,162.2,164,123.4,138.9,180.4,133.7,140.6,97.4,92.1,176.6,78.5,75.1,146.1,84.3,80.4,151.5,34.2,34.5,94.7,23.6,23.6,57,24.4,20.9,67.2,234.5,192.1,251.2,163.7,142.6,176,195.6,156.4,206,115.7,102.2,152.5,110.2,99.7,141.3,109,99.9,138,91.8,87.5,209.9,78.7,73,175.7,73.7,68,177.7,75.9,74.4,114.2,62.3,60.3,95.2,74.8,63.7,96.7,277.9,249.8,179.3,213.4,190.1,137.1,240.7,220.5,166.3,183.4,204.1,211.5,135.8,148.9,148.9,157.3,170.3,170.2,229.1,242.9,243.1,164.7,173.4,181.1,194.2,198.9,198.8,202.7,188.2,179.8,162,148.7,140.7,177.9,161.9,152.5
18:45,211.1,159.7,171.2,169.2,129.2,145.1,186.7,141.5,149.1,96.8,92.3,160.5,79.1,76,133.8,84.1,80.2,137,34.1,35.5,84.6,24.3,23,51.6,24.5,21.9,59,233,193.9,250.7,162.3,143.2,177.2,195.4,157.9,208,116.3,105.7,153.3,109,100.2,139.9,107.1,100.5,137.6,90.4,87.1,194.6,80.1,75.1,167.1,72.7,67.8,164.9,74.6,73.6,109.2,59.9,57.8,89,73.7,62.2,91.9,287.6,259.6,183.7,221.7,199.7,141.5,250.3,232.9,173.6,199,218.5,226.1,148.6,161.8,162.6,170.7,184.6,185.8,266.1,275.4,274.4,193.7,205,213.8,224.4,231.9,232,197.5,177.8,170.3,157.3,143.8,135.9,172.1,152.9,146.9
19:00,212.2,165.6,178.9,174,135.7,151.5,192.3,149,157.3,96.2,92.5,144.8,79.4,76.6,121.5,84.1,80.4,123.3,34.1,36,75.7,24.6,22.7,47.3,24.6,22.7,53,230.9,195.6,249.4,160.4,143.8,178,194.7,159.4,209.3,117.3,109.5,152.4,109.5,102.2,138.5,105.8,101.6,136.1,90,87.3,178.2,81,76.5,155.7,72.9,68.4,151.2,72.5,71.5,102.8,58.4,55.4,82.6,71.5,60.5,86.6,294.5,263.3,187.1,228.6,206.7,145.5,258.7,241.3,179,212.1,229.7,236.2,158.4,172.3,173.2,181.6,195.4,198.2,292.1,297.9,294.4,213.8,227.8,234.8,245.3,254.7,254.7,191.6,168.6,161.9,153.6,141.3,133.5,167.3,146,143.3
19:15,213.2,171.5,184.7,177.8,142.8,157.9,196.5,155.5,164.9,96.3,93.1,131.3,79.4,77.3,110.1,84.7,81.4,112.1,34.1,35.5,66.9,24.5,23,43.3,24.7,23,48.1,228.7,197.5,248.2,158.4,144.6,179.1,193.9,161.5,210.2,119,113.2,149.3,112.2,105.9,137.2,105.9,103.2,133.2,91.4,88.8,162.3,80.9,76.8,141.7,74.7,70.2,137.8,70.1,68.3,95.3,58.1,53.7,76.6,68.6,58.6,81.5,298.1,260.3,189.8,233.6,210.6,149.1,265.2,245.2,182.4,221.5,236.2,240.4,163.6,178.8,178.9,188.7,201.4,205.5,301.4,305.2,298,220.4,236.6,238.4,252.6,262,261.4,188,163.2,157.5,152.5,142.6,134.4,165.7,143.4,142.6
19:30,213,176.4,188.2,180.5,149.8,163.8,199,160.6,171.1,96.8,94,120.1,79.4,78.2,100.5,85.8,83.1,103.4,34.3,34.3,58.5,24,23.7,39.7,24.8,23,44,226.9,199.4,247.2,156.5,145.5,180.2,193.2,163.8,210.9,120.6,116.3,144.4,116.2,110.3,135.9,107,105.2,129.6,93.7,90.9,147.6,80.3,76.5,127.2,77.6,72.8,125.5,67.5,64.4,87.7,58.5,52.5,71.2,65.3,56.8,76.5,298.7,252.5,192.1,236.4,212,152.2,269.8,245.3,184.2,226.2,237.4,238.7,164.4,181.1,179.8,191.7,202.7,207.5,295.6,298.6,287.5,215.3,232.9,227.6,247.7,256,254.4,188.4,163.3,158.4,155.2,148.1,139.1,168.6,146.6,145.3
19:45,210.4,179.1,188.9,181.8,155.7,168.3,199.4,163.6,175.2,97.2,94.6,111.3,79.6,79.2,93.2,87.3,85.1,97.3,34.3,33.1,51.1,23.3,24.3,36.5,24.7,22.9,40.7,225.3,200.9,246.3,154.8,146,181.2,192.5,165.9,211.6,121.4,117.9,138.4,120.2,114.5,134.3,108.7,107.4,126.1,95.8,92.6,134.5,80.1,76.5,114.2,80.9,75.7,115.3,64.9,60.5,80.5,59.2,51.8,66.7,62,55.1,72.2,296.3,242.6,193.9,237.4,211.6,154.5,271.9,242.8,185.1,224.9,232.9,231.5,161.5,179.2,176.5,190.6,199.9,204.7,278.1,280.8,267.1,201.8,219.9,208.2,233.7,240.6,237.9,191,166.6,162.6,159.6,155.2,145.6,173.9,153,149.5
20:00,203.9,178.1,186.4,181.4,159.8,170.6,197.3,164,176.5,97.2,94.4,104.6,80.4,80.4,88.8,88.8,86.9,93.4,34.1,32.2,45.4,22.7,24.6,34.1,24.6,22.7,37.9,224,201.5,245.5,153.6,145.7,181.9,191.7,167.3,212.3,120.4,117.3,131.8,122.8,117.3,132.4,110.7,109.5,123.4,96.3,92.7,123.3,81,77.4,105.3,83.7,78.3,108,62.5,57.4,74.6,59.4,51.4,63.5,59.4,53.4,68.5,291,233.3,195.2,236.7,210.2,155.9,271.4,239,185.9,216.8,222.3,219.5,155.6,173.2,169.5,185.3,193.6,197.3,252.4,254.7,240.7,183.4,201,185.8,213.8,219.6,216.1,192.6,169.8,166.7,163.2,161.1,151,178.4,159.2,152.9
20:15,192.9,172.9,180.7,179.3,161.4,170.4,192.4,161.5,174.5,96.3,93,100,81.9,81.6,87.4,90.1,88.1,91.6,33.5,31.9,41.8,22.3,24.3,32.5,24.3,22.7,35.6,223,201,244.7,152.8,144.4,182.1,190.9,167.6,213.1,117,114.2,125.3,123,117.9,130,112.4,111.2,122.1,94.4,90.6,114.2,83.4,79.7,101.8,85.5,80.2,103.9,60.4,55.6,70.4,59,51.2,61.6,57.8,51.8,65.8,283.1,226.5,195.9,234.5,208.4,156.3,268.1,234.9,187,201.3,205.7,203.4,147.4,163.4,159.6,175.8,184.4,185.9,221.6,223.1,212.2,163.1,179.1,164.9,190.8,196.8,192.7,190.4,169.8,167.3,163.2,162.4,152.5,178.9,161.6,153.3
20:30,179,164.7,172.7,175.7,160.8,168.3,185.2,157.1,170.5,94.8,90.8,96.7,83.9,82.9,88.1,91.2,88.7,91.1,32.6,32.1,39.8,22.2,23.7,31.6,24.1,22.8,33.6,221.5,199.2,243.3,152.1,142,181.6,189.7,166.9,213.5,112.1,109.4,119.3,121.2,116.5,127.2,113.5,112.4,121.6,90.8,86.8,107,86.7,82.7,102.3,86.1,81.3,102.1,58.6,54.6,67.6,57.8,51.1,60.6,56.9,50.5,63.8,273.4,221.6,195.8,231,206,155.8,262.6,230.1,188,181.3,185.5,184.9,137.8,151.4,148.1,163.7,173.4,172.1,189.2,189.7,183.8,142.7,156.5,146.5,167,173.8,169.6,182.3,164.3,162.3,157.8,157.1,148.2,173.3,157.8,149.1
20:45,164.4,155.6,163.9,171,159,165.3,176.6,152.2,165.7,92.8,88,94.1,85.7,83.8,89.6,91.7,88.6,91.1,31.5,32.3,38.7,22.3,23,31,24.1,22.8,31.9,218.9,196.2,240.6,150.9,138.8,180.3,187.8,165.1,213.1,106.8,104.2,114.3,118.3,113.9,124.1,113.9,112.5,121.1,86.3,82.4,101.2,89.5,85.3,104.2,85.8,81.5,101.2,57,54.1,65.5,56.2,50.9,60.1,56.3,49.3,62.5,262.6,217.3,194.5,226.3,202.5,154.8,255.8,224.3,188.2,160.3,164.7,166.1,127.9,138.9,136.4,150.5,161.6,157.7,158.2,158.1,157.6,123.7,135.1,130.5,144.4,152.2,148.1,170,154.8,153.2,148.5,147.2,139.8,163.2,149.4,141.5
21:00,151.5,147.3,155.6,165.6,156.5,162.3,167.3,148.2,161.5,90.6,85,91.6,86.9,84.1,90.6,91.6,87.8,90.6,30.3,32.2,37.9,22.7,22.7,30.3,24.6,22.7,30.3,214.2,191.7,235.7,148.7,135,178,184.9,162.4,211.3,102.2,99.8,110.7,114.9,110.7,121,113.1,111.3,119.7,81.9,78.3,96.3,90.9,86.4,105.3,84.6,81,99.9,55.4,53.4,63.5,54.4,50.4,59.4,55.4,48.4,61.5,251.7,212.5,191.7,220.6,197.5,153.6,248.3,217.1,187.1,141.7,146.4,149.1,118.6,127.8,126,138,150.1,144.5,132,132,135.5,107.5,116.8,116.8,125,133.2,129.7,156.2,144.3,142.5,137.4,135.6,129.6,151.2,139.1,132.6
21:15,141.9,141.4,148.9,160.1,153.9,160.1,157.9,145.9,158.9,88.5,82.1,88.5,87,83.7,90.2,90.6,86.4,89.2,29,31.5,36.7,23.3,23,29.3,25.6,22.3,28.7,207,185.8,228.3,144.9,130.6,174.6,180.5,158.7,207.6,99.2,97.1,108.8,111.7,107.4,117.8,111.1,108.5,117,78.3,75.1,92,90,85.4,103.7,82.6,79.6,97.1,53.9,52.2,61.1,52.6,49.4,58.3,54.1,47.7,60.6,241.3,205.9,187,213.9,190.5,152.2,240.7,208,184,128.3,132.6,135.6,110.7,119.5,117.9,127.4,139.6,133.8,113,114.3,118.9,95.2,103.2,105.4,110.4,118,115.3,143.4,135.2,132.7,127,125.3,120.4,140.1,129.4,124.5
21:30,135.3,137.2,143.4,155.1,151.5,158.4,149.5,144.7,157.2,86.4,79.4,85.2,86.3,82.7,88.5,89,84.4,87.2,27.8,30.4,35.2,23.9,23.6,28.2,26.8,21.8,27.1,197,178.1,218.5,139.3,125.3,169.9,174.2,153.5,201.8,97.4,95.9,108.1,108.9,104.4,114.9,108.3,104.8,113.3,75.5,72.7,88,87.5,82.7,100,80.2,77.7,93.2,52.2,50.5,58.5,51,48.2,57,52.4,47.3,59.9,231.2,197.3,180.2,206.1,182,150,232.6,197.2,178.9,119.3,123,125.2,104.1,113.5,111.9,118.8,130.3,125.5,100.3,103.5,107.2,86.4,93.5,96.1,99.9,106.3,104.6,133.8,129.7,125.9,118.8,118.6,113.9,131.9,122.5,118.6
21:45,131,133.7,138.4,151.1,149.3,156.8,142.9,143.6,155.4,84.3,76.9,82.1,84.9,81.2,86.3,87.1,82,85,26.9,29.2,33.6,24.4,24.3,27.2,27.9,21.3,25.7,184.4,168.1,206.9,131.9,118.8,163.6,165.4,146.1,194,96.4,95.4,108,106.5,101.8,112.2,105.1,100.8,109.4,72.9,70.6,84.1,84.1,79.5,95.3,77.4,75.4,88.8,50.4,48.5,56.1,49.5,47.1,55.8,50.7,46.9,59.2,220.9,186.5,171.4,197.2,172.2,146.1,223.4,184.8,171.4,113.2,116.3,117.3,98.5,108.8,107.1,111.6,122.1,118.8,92.4,97.3,99.1,80.2,86.7,88.7,92.7,97.5,96.8,126.8,126.9,121.6,112.8,114.9,109.9,125.9,118.1,114.9
22:00,128.2,129.8,133.2,149,147.3,154.8,139,141.5,152.3,82.2,74.7,79.4,83.2,79.4,84.1,85,79.4,83.2,26.5,28.4,32.2,24.6,24.6,26.5,28.4,20.8,24.6,169.2,155.5,193.7,122.3,110.5,155.5,153.6,136,183.9,95.6,95,107.7,104.6,99.8,110.1,102.2,97.4,105.8,70.2,68.4,80.1,81,76.5,90.9,74.7,72.9,84.6,48.4,46.3,54.4,48.4,46.3,55.4,49.4,46.3,58.4,210.2,173.2,160.5,187.1,161.7,139.7,212.5,170.9,161.7,108.4,111.2,111.2,93.6,104.7,102.8,105.6,114.9,113,87.6,93.5,93.5,75.9,81.8,83,87.6,91.1,91.1,121.3,125.7,119.3,108,113.1,107.7,121.1,115.2,112.7
22:15,126.1,124.8,127.2,148.9,145.4,151.9,138.3,137.5,147.2,80.1,72.8,77.6,81.3,77.5,82.4,83.1,76.7,82.1,26.7,28.1,30.9,24.3,24.4,26.2,28,20.6,23.8,151.8,140.2,179.5,110.7,100.5,145.6,138.6,122.8,171.7,94.5,94.1,106.6,103.2,98.5,108.5,99.9,95,103.2,67.1,65.8,75.9,78.7,74.5,87.5,72.1,70.4,81,46.1,44.1,53.6,47.6,46.2,56,48.6,45.6,57.7,198.6,157.6,147.6,175.6,150.7,130.3,199.4,155.9,149.6,103.7,106.6,106.1,88.9,100.2,98.5,100.3,108.4,107.7,84.6,90,89.3,72.7,77.7,78.6,83.8,86.5,86.9,116.2,124.5,117.9,103.9,112.1,106.3,116.2,112.9,111.3
22:30,124.1,118.6,120.5,149.6,143,147.9,139.2,131.8,140.3,78,71.1,76.4,79.3,75.5,81.2,81.2,74.1,81.7,27.3,28.2,29.9,23.8,23.9,26.2,27,20.6,23.4,133.7,123.7,164.8,98.1,89.4,134.3,122,108.1,157.9,93.3,92.8,104.9,102.1,97.6,107.2,98.1,93.5,101.3,64,63,71.8,77.1,73.2,85.2,69.9,68.1,78.1,43.8,42,53.6,47.1,46.4,57.7,48.1,44.6,57.1,186.3,140.7,133.5,163.1,139.2,118.7,184.8,140.2,136,98.8,102.1,101.7,84.6,95.4,94.1,95.5,102.5,102.5,82.4,86.6,86.1,70.2,74.1,75.3,80.6,83,83.7,110.8,122.3,116.9,99.7,110.9,105.3,110.5,110.7,110.2
22:45,121.6,111.6,113.3,149.4,139.2,142.5,139.5,124.7,132.1,75.9,69.3,75.6,77.4,73.3,80.3,79.4,71.5,81.6,28,28.4,29.1,23.2,23.2,26.4,25.8,20.7,23,116.7,107.7,150.1,85.9,78.4,122.4,105.8,93.6,143.5,92,91.2,103,101.1,96.8,106,96.5,92.4,99.9,61.3,60.4,68.3,75.9,72.2,83.4,68,65.9,75.7,41.8,40,53.9,47.1,46.9,60.2,47.8,43.5,56.9,173.5,123.9,119.4,150.3,127.1,106.4,169.6,124.6,122,93.9,97.6,97.7,80.6,90.4,89.6,90.9,97,97.6,80.5,83,83.3,67.9,70.9,72.6,77.8,80,80.9,105.3,119.3,116.1,95.8,109.5,104.5,104.5,108.4,109.2
23:00,118.2,104,105.7,146.5,133.2,135.7,137.3,116.5,123.2,73.8,67.3,74.7,75.7,71,79.4,77.6,69.1,81.3,28.4,28.4,28.4,22.7,22.7,26.5,24.6,20.8,22.7,102.7,93.9,136,75.3,68.5,110.5,91.9,81.2,129.1,90.7,89.5,101,99.8,95.6,104.6,95,91.3,98.6,59.4,58.5,65.7,74.7,71.1,81.9,66.6,63.9,73.8,40.3,38.3,54.4,47.4,47.4,63.5,47.4,42.3,57.4,160.5,108.5,106.2,137.4,114.3,94.7,154.7,109.7,108.5,88.9,92.6,93.6,76.9,85.2,85.2,86.1,91.7,92.6,78.3,79.4,80.6,65.4,67.8,70.1,74.8,77.1,78.3,100.3,116.1,115.6,92.4,108.2,104,98.9,106.3,108.5
23:15,113.4,96.2,98,139.8,124.4,127.2,131.1,107.6,114,71.7,65,73.7,74.1,68.6,78.4,75.7,67,80.6,28.4,28.1,27.8,22.6,22.6,26.4,23.8,21,22.3,93,83.8,122.8,67.3,60.5,99.2,82,72.3,115.5,89.6,87.8,99.3,98.2,93.8,102.9,93.1,89.9,97.1,58.6,57.4,64.3,73.3,69.6,80.2,65.6,62.2,72.2,39.6,36.9,54.7,48,47.7,67.3,46.5,41.1,58.7,147.5,95.6,95,125.1,100.9,84.5,141,96,96.4,84,87.2,89.1,73.4,80,81,81.1,86.4,87.7,75.3,75.8,77.7,62.6,64.7,67.4,71.3,73.8,75.3,96.5,112.9,115.4,89.9,107.2,103.9,94.8,104.7,108
23:30,107.4,88.4,90.2,130.3,113.8,117.5,121.9,98.4,104.8,69.7,62.6,72.3,72.7,66.4,77.2,73.8,65.3,79.5,28,27.6,27.2,22.7,22.6,26,23.3,21.1,21.9,86.6,76.7,110.6,61.5,54.4,88.7,75.4,66.4,102.7,88.6,86.4,97.8,96.4,91.9,101.1,91.3,88.4,95.6,58.5,57.1,63.7,71.8,68,78.6,65,61,70.8,39.4,36,54.6,48.7,47.9,70.6,45.5,40.1,60.1,134.7,84.9,85.4,113.5,87.5,76,128.5,83.9,85.8,79.3,81.6,84.6,70.3,75,76.9,76.1,81.2,82.9,71.8,72.3,74.6,59.6,61.8,64.6,67.8,70.3,72.3,94.1,110.4,115.6,88.5,106.6,104.3,92.7,103.6,107.7
23:45,100.8,80.7,82.5,119.5,102.5,107.1,111.5,89.2,95.6,67.6,60.4,70.5,71.3,64.6,75.7,71.9,64.1,77.9,27.3,27,26.8,22.8,22.8,25.4,23,21,21.4,82.2,71.6,99.1,57.3,50,78.7,70.9,62.5,91,88,85.7,96.6,95,90.7,99.5,89.6,87.2,94,58.7,57.2,63.4,70.4,66.8,77,64.4,60.3,69.6,39.4,35.8,53.9,49.3,48.1,72.4,44.3,39.4,60.6,122.4,76,76.9,102.9,75.1,68.7,117.3,73.4,76.4,75,76.5,80.1,67.4,70.5,73.1,71.5,76.4,78.3,68.3,69.1,71.6,57,59.2,61.9,64.5,67,69.3,92.9,108.7,116,88,106.3,104.9,92,102.8,107.5
0:00,94.1,73.2,74.9,109,91.6,96.5,101.5,80.7,86.6,65.4,58.9,68.2,70.1,63.5,73.8,70.1,63.5,75.7,26.5,26.5,26.5,22.7,22.7,24.6,22.7,20.8,20.8,78.3,67.5,88,53.8,47,69.5,67.5,59.7,80.2,87.7,85.9,95.6,94.3,90.7,98.6,88.3,86.5,92.5,58.5,57.6,63,69.3,66.6,75.6,63.9,60.3,68.4,39.3,36.3,52.4,49.4,48.4,71.5,43.3,39.3,59.4,110.9,68.1,69.3,93.5,64.7,62.4,107.4,64.7,68.1,71.3,72.3,76,64.8,66.7,69.5,67.6,72.3,74.1,65.4,66.6,68.9,54.9,57.2,59.6,61.9,64.3,66.6,92.5,107.8,116.5,88.1,106,105.4,92.2,102.2,107.3
